{"cameraMode":{"drawMode":0,"name":"Shaded","section":"Shading Mode"},"sceneLighting":true,"audioPlay":false,"sceneViewState":{"showFog":true,"showMaterialUpdate":false,"showSkybox":true,"showFlares":true,"showImageEffects":true,"showParticleSystems":true},"in2DMode":false,"pivot":{"x":5.352525234222412,"y":2.1327216625213625,"z":6.192710876464844},"rotation":{"x":0.2458239048719406,"y":-0.014539072290062905,"z":0.003687626449391246,"w":0.9691987037658691},"size":7.288662433624268,"orthographic":true}