{"cameraMode":{"drawMode":0,"name":"Shaded","section":"Shading Mode"},"sceneLighting":false,"audioPlay":false,"sceneViewState":{"showFog":true,"showMaterialUpdate":false,"showSkybox":false,"showFlares":true,"showImageEffects":true,"showParticleSystems":true},"in2DMode":false,"pivot":{"x":0.00027561315800994635,"y":0.2632208466529846,"z":0.018373027443885804},"rotation":{"x":0.6985510587692261,"y":0.005366507917642593,"z":-0.0052392310462892059,"w":0.7155206799507141},"size":0.3828451335430145,"orthographic":false}