{"cameraMode":{"drawMode":0,"name":"Shaded","section":"Shading Mode"},"sceneLighting":true,"audioPlay":false,"sceneViewState":{"showFog":true,"showMaterialUpdate":false,"showSkybox":true,"showFlares":true,"showImageEffects":true,"showParticleSystems":true},"in2DMode":false,"pivot":{"x":5.352525234222412,"y":2.1327216625213625,"z":6.192710876464844},"rotation":{"x":0.3698917627334595,"y":-0.005574610084295273,"z":0.002219262532889843,"w":0.9290581941604614},"size":6.140567779541016,"orthographic":true}